merchant_id,name
M001,Merchant_001
M002,Merchant_002
M003,Merchant_003
M004,Merchant_004
M005,Merchant_005
M006,Merchant_006
M007,Merchant_007
M008,Merchant_008
M009,Merchant_009
M010,Merchant_010
M011,Merchant_011
M012,Merchant_012
M013,Merchant_013
M014,Merchant_014
M015,Merchant_015
M016,Merchant_016
M017,Merchant_017
M018,Merchant_018
M019,Merchant_019
M020,Merchant_020
M021,Merchant_021
M022,Merchant_022
M023,Merchant_023
M024,Merchant_024
M025,Merchant_025
M026,Merchant_026
M027,Merchant_027
M028,Merchant_028
M029,Merchant_029
M030,Merchant_030
M031,Merchant_031
M032,Merchant_032
M033,Merchant_033
M034,Merchant_034
M035,Merchant_035
M036,Merchant_036
M037,Merchant_037
M038,Merchant_038
M039,Merchant_039
M040,Merchant_040
M041,Merchant_041
M042,Merchant_042
M043,Merchant_043
M044,Merchant_044
M045,Merchant_045
M046,Merchant_046
M047,Merchant_047
M048,Merchant_048
M049,Merchant_049
M050,Merchant_050
M051,Merchant_051
M052,Merchant_052
M053,Merchant_053
M054,Merchant_054
M055,Merchant_055
M056,Merchant_056
M057,Merchant_057
M058,Merchant_058
M059,Merchant_059
M060,Merchant_060
M061,Merchant_061
M062,Merchant_062
M063,Merchant_063
M064,Merchant_064
M065,Merchant_065
M066,Merchant_066
M067,Merchant_067
M068,Merchant_068
M069,Merchant_069
M070,Merchant_070
M071,Merchant_071
M072,Merchant_072
M073,Merchant_073
M074,Merchant_074
M075,Merchant_075
M076,Merchant_076
M077,Merchant_077
M078,Merchant_078
M079,Merchant_079
M080,Merchant_080
M081,Merchant_081
M082,Merchant_082
M083,Merchant_083
M084,Merchant_084
M085,Merchant_085
M086,Merchant_086
M087,Merchant_087
M088,Merchant_088
M089,Merchant_089
M090,Merchant_090
M091,Merchant_091
M092,Merchant_092
M093,Merchant_093
M094,Merchant_094
M095,Merchant_095
M096,Merchant_096
M097,Merchant_097
M098,Merchant_098
M099,Merchant_099
M100,Merchant_100
M101,Merchant_101
M102,Merchant_102
M103,Merchant_103
M104,Merchant_104
M105,Merchant_105
M106,Merchant_106
M107,Merchant_107
M108,Merchant_108
M109,Merchant_109
M110,Merchant_110
M111,Merchant_111
M112,Merchant_112
M113,Merchant_113
M114,Merchant_114
M115,Merchant_115
M116,Merchant_116
M117,Merchant_117
M118,Merchant_118
M119,Merchant_119
M120,Merchant_120
